{
  "1" : {
    "energy" : {
      "p0" : 0.021019763888888886,
      "p1" : 0.02169861111111111,
      "p2" : 0.06365905555555555,
      "total" : 14375.990760040962,
      "tp0" : 4780.449197819314,
      "tp1" : 4798.086793152458,
      "tp2" : 4797.513181430303
    },
    "power" : {
      "p0" : 15134.23,
      "p1" : 15623,
      "p2" : 45834.52
    },
    "setting" : {
      "log" : 1,
      "log_interval" : 15000,
      "polling_interval" : 5000
    }
  },
  "2" : {
    "energy" : {
      "p0" : 0.03480138888888889,
      "p1" : 0.040745833333333335,
      "p2" : 0.09656111111111111,
      "total" : 58704.2530353071,
      "tp0" : 19546.356028056427,
      "tp1" : 19464.948246944525,
      "tp2" : 19693.09031308392
    },
    "power" : {
      "p0" : 11065,
      "p1" : 11279,
      "p2" : 91785
    },
    "setting" : {
      "log" : 1,
      "log_interval" : 15000,
      "polling_interval" : 5000
    }
  },
  "3" : {
    "energy" : {
      "p0" : 0.06771111111111111,
      "p1" : 0.07078333333333334,
      "p2" : 0.08296666666666666,
      "total" : 45451.43982354057,
      "tp0" : 15139.756828555304,
      "tp1" : 15151.483645041082,
      "tp2" : 15160.50484022196
    },
    "power" : {
      "p0" : 54244,
      "p1" : 83924,
      "p2" : 9783
    },
    "setting" : {
      "log" : 1,
      "log_interval" : 5000,
      "polling_interval" : 5000
    }
  },
  "4" : {
    "energy" : {
      "p0" : 0.12841944444444445,
      "p1" : 0.024695833333333334,
      "p2" : 0.034709722222222225,
      "total" : 20769.184308333264,
      "tp0" : 6919.980474999981,
      "tp1" : 6909.206934722235,
      "tp2" : 6940.256319444379
    },
    "power" : {
      "p0" : 91375,
      "p1" : 16397,
      "p2" : 24076
    },
    "setting" : {
      "log" : 1,
      "log_interval" : 5000,
      "polling_interval" : 5000
    }
  },
  "5" : {
    "energy" : {
      "p0" : 0.07167222222222222,
      "p1" : 0.11626944444444445,
      "p2" : 0.11692638888888889,
      "total" : 34643.56480306973,
      "tp0" : 11556.61446419437,
      "tp1" : 11521.69825102784,
      "tp2" : 11565.549226736408
    },
    "power" : {
      "p0" : 52230,
      "p1" : 11378,
      "p2" : 19717
    },
    "setting" : {
      "log" : 1,
      "log_interval" : 5000,
      "polling_interval" : 5000
    }
  },
  "6" : {
    "energy" : {
      "p0" : 0.03706388888888889,
      "p1" : 0.11732361111111111,
      "p2" : 0.0226125,
      "total" : 31782.597715277967,
      "tp0" : 10610.951012500002,
      "tp1" : 10563.746033333371,
      "tp2" : 10608.118075000148
    },
    "power" : {
      "p0" : 53523,
      "p1" : 68159,
      "p2" : 25909
    },
    "setting" : {
      "log" : 1,
      "log_interval" : 5000,
      "polling_interval" : 5000
    }
  },
  "7" : {
    "energy" : {
      "p0" : 0.06226388888888889,
      "p1" : 0.05591805555555556,
      "p2" : 0.054433333333333334,
      "total" : 31682.71839722222,
      "tp0" : 10565.853319444346,
      "tp1" : 10563.490522222279,
      "tp2" : 10553.548915277817
    },
    "power" : {
      "p0" : 22480,
      "p1" : 99490,
      "p2" : 7978
    },
    "setting" : {
      "log" : 1,
      "log_interval" : 5000,
      "polling_interval" : 5000
    }
  },
  "8" : {
    "energy" : {
      "p0" : 0.08392777777777778,
      "p1" : 0.11069722222222222,
      "p2" : 0.06077361111111111,
      "total" : 31506.457086110902,
      "tp0" : 10511.154508333113,
      "tp1" : 10511.943419444357,
      "tp2" : 10483.693294444545
    },
    "power" : {
      "p0" : 58170,
      "p1" : 98477,
      "p2" : 57119
    },
    "setting" : {
      "log" : 1,
      "log_interval" : 5000,
      "polling_interval" : 5000
    }
  },
  "9" : {
    "energy" : {
      "p0" : 0.0647638888888889,
      "p1" : 0.02711388888888889,
      "p2" : 0.04589444444444444,
      "total" : 31337.74815416673,
      "tp0" : 10436.151693055535,
      "tp1" : 10448.757227777944,
      "tp2" : 10453.062588888804
    },
    "power" : {
      "p0" : 14657,
      "p1" : 6672,
      "p2" : 82507
    },
    "setting" : {
      "log" : 1,
      "log_interval" : 5000,
      "polling_interval" : 5000
    }
  },
  "10" : {
    "energy" : {
      "p0" : 0,
      "p1" : 0,
      "p2" : 0,
      "total" : 10904.634249569364,
      "tp0" : 3635.008839472186,
      "tp1" : 3630.743656624972,
      "tp2" : 3638.8817534722066
    },
    "power" : {
      "p0" : 0,
      "p1" : 0,
      "p2" : 0
    },
    "setting" : {
      "log" : 1,
      "log_interval" : 5000,
      "polling_interval" : 5000
    }
  },
  "9999999" : {
    "energy" : {
      "p0" : 0,
      "p1" : 0,
      "p2" : 0,
      "total" : 0,
      "tp0" : 0,
      "tp1" : 0,
      "tp2" : 0
    },
    "power" : {
      "p0" : 0,
      "p1" : 0,
      "p2" : 0
    },
    "setting" : {
      "log" : 1,
      "log_interval" : 5000,
      "polling_interval" : 5000
    }
  },
  "Peak" : {
    "10_PA" : 0,
    "10_PB" : 0,
    "10_PC" : 0,
    "10_Pavg" : 0,
    "1_PA" : 82077.34,
    "1_PB" : 56125.22,
    "1_PC" : 79785.23,
    "1_Pavg" : 25530.58,
    "2_PA" : 96805,
    "2_PB" : 98728,
    "2_PC" : 94187,
    "2_Pavg" : 41306,
    "3_PA" : 96072,
    "3_PB" : 88123,
    "3_PC" : 91233,
    "3_Pavg" : 53150.67,
    "4_PA" : 99984,
    "4_PB" : 97353,
    "4_PC" : 90747,
    "4_Pavg" : 45078,
    "5_PA" : 96932,
    "5_PB" : 92194,
    "5_PC" : 97320,
    "5_Pavg" : 73168.33,
    "6_PA" : 95252,
    "6_PB" : 93012,
    "6_PC" : 97276,
    "6_Pavg" : 42480,
    "7_PA" : 97786,
    "7_PB" : 97504,
    "7_PC" : 85925,
    "7_Pavg" : 41427.67,
    "8_PA" : 94407,
    "8_PB" : 97196,
    "8_PC" : 99474,
    "8_Pavg" : 61295.67,
    "9999999_PA" : 0,
    "9999999_PB" : 0,
    "9999999_PC" : 0,
    "9999999_Pavg" : 0,
    "9_PA" : 97796,
    "9_PB" : 95594,
    "9_PC" : 98671,
    "9_Pavg" : 33065.33
  },
  "pavg_per_hour" : [ null, 76115.53444444445, 140601.88888888888, 188660, 186995.875, 171297.25, 138366.2857142857, 140812.42857142858, 153252, 115945, 0 ],
  "pavg_per_min" : [ null, 68275.43333333333, 153161.41666666666, 174499.66666666666, 148821, 137475.33333333334, 147270.63636363635, 133748.5, 147485.08333333334, 132114.33333333334, 0 ],
  "stat" : {
    "1" : 68275.43333333333,
    "2" : 153161.41666666666,
    "3" : 174499.66666666666,
    "4" : 148821,
    "5" : 137475.33333333334,
    "6" : 147270.63636363635,
    "7" : 133748.5,
    "8" : 147485.08333333334,
    "9" : 132114.33333333334,
    "10" : 0,
    "data1" : 221436.85,
    "data2" : 323320.67,
    "data3" : 284745.97,
    "data4" : 281233.58,
    "data5" : 132114.33,
    "pt" : [ null, 76591.75, 123918, 159452, 135234, 219505, 127440, 124283, 183887, 99196, 0 ],
    "z1" : "1,2",
    "z2" : "3,4",
    "z3" : "5,6",
    "z4" : "7,8",
    "z5" : "9,10"
  }
}
